<ImportExportXml xmlns:xsi="http://www.w3.org/2001/XMLSchema-instance" OrganizationVersion="9.2.24123.230" OrganizationSchemaType="Full" CRMServerServiceabilityVersion="9.2.24123.00230">
  <Entities>
    <Entity>
      <Name LocalizedName="Order" OriginalName="Order">SalesOrder</Name>
      <EntityInfo>
        <entity Name="SalesOrder">
          <attributes>
            <attribute PhysicalName="cre2c_CustomerName">
              <Type>nvarchar</Type>
              <Name>cre2c_customername</Name>
              <LogicalName>cre2c_customername</LogicalName>
              <RequiredLevel>none</RequiredLevel>
              <DisplayMask>ValidForAdvancedFind|ValidForForm|ValidForGrid</DisplayMask>
              <ImeMode>auto</ImeMode>
              <ValidForUpdateApi>1</ValidForUpdateApi>
              <ValidForReadApi>1</ValidForReadApi>
              <ValidForCreateApi>1</ValidForCreateApi>
              <IsCustomField>1</IsCustomField>
              <IsAuditEnabled>1</IsAuditEnabled>
              <IsSecured>0</IsSecured>
              <IntroducedVersion>1.0</IntroducedVersion>
              <IsCustomizable>1</IsCustomizable>
              <IsRenameable>1</IsRenameable>
              <CanModifySearchSettings>1</CanModifySearchSettings>
              <CanModifyRequirementLevelSettings>1</CanModifyRequirementLevelSettings>
              <CanModifyAdditionalSettings>1</CanModifyAdditionalSettings>
              <SourceType>0</SourceType>
              <IsGlobalFilterEnabled>0</IsGlobalFilterEnabled>
              <IsSortableEnabled>0</IsSortableEnabled>
              <CanModifyGlobalFilterSettings>1</CanModifyGlobalFilterSettings>
              <CanModifyIsSortableSettings>1</CanModifyIsSortableSettings>
              <IsDataSourceSecret>0</IsDataSourceSecret>
              <AutoNumberFormat></AutoNumberFormat>
              <IsSearchable>0</IsSearchable>
              <IsFilterable>0</IsFilterable>
              <IsRetrievable>0</IsRetrievable>
              <IsLocalizable>0</IsLocalizable>
              <Format>text</Format>
              <MaxLength>100</MaxLength>
              <Length>200</Length>
              <displaynames>
                <displayname description="Customer Name" languagecode="1033" />
              </displaynames>
              <Descriptions>
                <Description description="" languagecode="1033" />
              </Descriptions>
            </attribute>
            <attribute PhysicalName="cre2c_OrderDate">
              <Type>datetime</Type>
              <Name>cre2c_orderdate</Name>
              <LogicalName>cre2c_orderdate</LogicalName>
              <RequiredLevel>none</RequiredLevel>
              <DisplayMask>ValidForAdvancedFind|ValidForForm|ValidForGrid</DisplayMask>
              <ImeMode>auto</ImeMode>
              <ValidForUpdateApi>1</ValidForUpdateApi>
              <ValidForReadApi>1</ValidForReadApi>
              <ValidForCreateApi>1</ValidForCreateApi>
              <IsCustomField>1</IsCustomField>
              <IsAuditEnabled>1</IsAuditEnabled>
              <IsSecured>0</IsSecured>
              <IntroducedVersion>1.0</IntroducedVersion>
              <IsCustomizable>1</IsCustomizable>
              <IsRenameable>1</IsRenameable>
              <CanModifySearchSettings>1</CanModifySearchSettings>
              <CanModifyRequirementLevelSettings>1</CanModifyRequirementLevelSettings>
              <CanModifyAdditionalSettings>1</CanModifyAdditionalSettings>
              <SourceType>0</SourceType>
              <IsGlobalFilterEnabled>0</IsGlobalFilterEnabled>
              <IsSortableEnabled>0</IsSortableEnabled>
              <CanModifyGlobalFilterSettings>1</CanModifyGlobalFilterSettings>
              <CanModifyIsSortableSettings>1</CanModifyIsSortableSettings>
              <IsDataSourceSecret>0</IsDataSourceSecret>
              <AutoNumberFormat></AutoNumberFormat>
              <IsSearchable>0</IsSearchable>
              <IsFilterable>0</IsFilterable>
              <IsRetrievable>0</IsRetrievable>
              <IsLocalizable>0</IsLocalizable>
              <Format>date</Format>
              <Behavior>1</Behavior>
              <displaynames>
                <displayname description="Order Date" languagecode="1033" />
              </displaynames>
              <Descriptions>
                <Description description="" languagecode="1033" />
              </Descriptions>
            </attribute>
            <attribute PhysicalName="cre2c_OrderID">
              <Type>nvarchar</Type>
              <Name>cre2c_orderid</Name>
              <LogicalName>cre2c_orderid</LogicalName>
              <RequiredLevel>none</RequiredLevel>
              <DisplayMask>ReadOnlyInUI|ValidForAdvancedFind|ValidForForm|ValidForGrid</DisplayMask>
              <ImeMode>auto</ImeMode>
              <ValidForUpdateApi>1</ValidForUpdateApi>
              <ValidForReadApi>1</ValidForReadApi>
              <ValidForCreateApi>1</ValidForCreateApi>
              <IsCustomField>1</IsCustomField>
              <IsAuditEnabled>1</IsAuditEnabled>
              <IsSecured>0</IsSecured>
              <IntroducedVersion>1.0</IntroducedVersion>
              <IsCustomizable>1</IsCustomizable>
              <IsRenameable>1</IsRenameable>
              <CanModifySearchSettings>1</CanModifySearchSettings>
              <CanModifyRequirementLevelSettings>1</CanModifyRequirementLevelSettings>
              <CanModifyAdditionalSettings>1</CanModifyAdditionalSettings>
              <SourceType>0</SourceType>
              <IsGlobalFilterEnabled>0</IsGlobalFilterEnabled>
              <IsSortableEnabled>0</IsSortableEnabled>
              <CanModifyGlobalFilterSettings>1</CanModifyGlobalFilterSettings>
              <CanModifyIsSortableSettings>1</CanModifyIsSortableSettings>
              <IsDataSourceSecret>0</IsDataSourceSecret>
              <AutoNumberFormat>{SEQNUM:4}</AutoNumberFormat>
              <IsSearchable>0</IsSearchable>
              <IsFilterable>0</IsFilterable>
              <IsRetrievable>0</IsRetrievable>
              <IsLocalizable>0</IsLocalizable>
              <Format>text</Format>
              <MaxLength>100</MaxLength>
              <Length>200</Length>
              <displaynames>
                <displayname description="Order ID" languagecode="1033" />
              </displaynames>
              <Descriptions>
                <Description description="" languagecode="1033" />
              </Descriptions>
            </attribute>
            <attribute PhysicalName="cre2c_OrderTotal">
              <Type>int</Type>
              <Name>cre2c_ordertotal</Name>
              <LogicalName>cre2c_ordertotal</LogicalName>
              <RequiredLevel>none</RequiredLevel>
              <DisplayMask>ValidForAdvancedFind|ValidForForm|ValidForGrid</DisplayMask>
              <ImeMode>disabled</ImeMode>
              <ValidForUpdateApi>1</ValidForUpdateApi>
              <ValidForReadApi>1</ValidForReadApi>
              <ValidForCreateApi>1</ValidForCreateApi>
              <IsCustomField>1</IsCustomField>
              <IsAuditEnabled>1</IsAuditEnabled>
              <IsSecured>0</IsSecured>
              <IntroducedVersion>1.0</IntroducedVersion>
              <IsCustomizable>1</IsCustomizable>
              <IsRenameable>1</IsRenameable>
              <CanModifySearchSettings>1</CanModifySearchSettings>
              <CanModifyRequirementLevelSettings>1</CanModifyRequirementLevelSettings>
              <CanModifyAdditionalSettings>1</CanModifyAdditionalSettings>
              <SourceType>0</SourceType>
              <IsGlobalFilterEnabled>0</IsGlobalFilterEnabled>
              <IsSortableEnabled>0</IsSortableEnabled>
              <CanModifyGlobalFilterSettings>1</CanModifyGlobalFilterSettings>
              <CanModifyIsSortableSettings>1</CanModifyIsSortableSettings>
              <IsDataSourceSecret>0</IsDataSourceSecret>
              <AutoNumberFormat></AutoNumberFormat>
              <IsSearchable>0</IsSearchable>
              <IsFilterable>0</IsFilterable>
              <IsRetrievable>0</IsRetrievable>
              <IsLocalizable>0</IsLocalizable>
              <Format>none</Format>
              <MinValue>-2147483648</MinValue>
              <MaxValue>2147483647</MaxValue>
              <displaynames>
                <displayname description="Order Total" languagecode="1033" />
              </displaynames>
              <Descriptions>
                <Description description="" languagecode="1033" />
              </Descriptions>
            </attribute>
            <attribute PhysicalName="cre2c_ShippingAddress">
              <Type>nvarchar</Type>
              <Name>cre2c_shippingaddress</Name>
              <LogicalName>cre2c_shippingaddress</LogicalName>
              <RequiredLevel>none</RequiredLevel>
              <DisplayMask>ValidForAdvancedFind|ValidForForm|ValidForGrid</DisplayMask>
              <ImeMode>auto</ImeMode>
              <ValidForUpdateApi>1</ValidForUpdateApi>
              <ValidForReadApi>1</ValidForReadApi>
              <ValidForCreateApi>1</ValidForCreateApi>
              <IsCustomField>1</IsCustomField>
              <IsAuditEnabled>1</IsAuditEnabled>
              <IsSecured>0</IsSecured>
              <IntroducedVersion>1.0</IntroducedVersion>
              <IsCustomizable>1</IsCustomizable>
              <IsRenameable>1</IsRenameable>
              <CanModifySearchSettings>1</CanModifySearchSettings>
              <CanModifyRequirementLevelSettings>1</CanModifyRequirementLevelSettings>
              <CanModifyAdditionalSettings>1</CanModifyAdditionalSettings>
              <SourceType>0</SourceType>
              <IsGlobalFilterEnabled>0</IsGlobalFilterEnabled>
              <IsSortableEnabled>0</IsSortableEnabled>
              <CanModifyGlobalFilterSettings>1</CanModifyGlobalFilterSettings>
              <CanModifyIsSortableSettings>1</CanModifyIsSortableSettings>
              <IsDataSourceSecret>0</IsDataSourceSecret>
              <AutoNumberFormat></AutoNumberFormat>
              <IsSearchable>0</IsSearchable>
              <IsFilterable>0</IsFilterable>
              <IsRetrievable>0</IsRetrievable>
              <IsLocalizable>0</IsLocalizable>
              <Format>text</Format>
              <MaxLength>100</MaxLength>
              <Length>200</Length>
              <displaynames>
                <displayname description="Shipping Address" languagecode="1033" />
              </displaynames>
              <Descriptions>
                <Description description="" languagecode="1033" />
              </Descriptions>
            </attribute>
            <attribute PhysicalName="CustomerId">
              <Type>customer</Type>
              <Name>customerid</Name>
              <LogicalName>customerid</LogicalName>
              <RequiredLevel>required</RequiredLevel>
              <DisplayMask>ValidForAdvancedFind|ValidForForm|ValidForGrid|RequiredForForm</DisplayMask>
              <ImeMode>auto</ImeMode>
              <ValidForUpdateApi>1</ValidForUpdateApi>
              <ValidForReadApi>1</ValidForReadApi>
              <ValidForCreateApi>1</ValidForCreateApi>
              <IsCustomField>0</IsCustomField>
              <IsAuditEnabled>1</IsAuditEnabled>
              <IsSecured>0</IsSecured>
              <IntroducedVersion>5.0.0.0</IntroducedVersion>
              <SourceType>0</SourceType>
              <IsGlobalFilterEnabled>1</IsGlobalFilterEnabled>
              <IsSortableEnabled>1</IsSortableEnabled>
              <IsDataSourceSecret>0</IsDataSourceSecret>
              <AutoNumberFormat></AutoNumberFormat>
              <IsSearchable>0</IsSearchable>
              <IsFilterable>0</IsFilterable>
              <IsRetrievable>1</IsRetrievable>
              <IsLocalizable>0</IsLocalizable>
              <displaynames>
                <displayname description="Customer Name" languagecode="1033" />
              </displaynames>
              <Descriptions>
                <Description description="Select the customer account or contact to provide a quick link to additional customer details, such as account information, activities, and opportunities." languagecode="1033" />
              </Descriptions>
            </attribute>
            <attribute PhysicalName="EntityImage">
              <Type>image</Type>
              <Name>entityimage</Name>
              <LogicalName>entityimage</LogicalName>
              <RequiredLevel>none</RequiredLevel>
              <DisplayMask>DenormalizedChild</DisplayMask>
              <ImeMode>disabled</ImeMode>
              <ValidForUpdateApi>1</ValidForUpdateApi>
              <ValidForReadApi>1</ValidForReadApi>
              <ValidForCreateApi>1</ValidForCreateApi>
              <IsCustomField>0</IsCustomField>
              <IsAuditEnabled>0</IsAuditEnabled>
              <IsLogical>1</IsLogical>
              <IsSecured>0</IsSecured>
              <IntroducedVersion>6.0.0.0</IntroducedVersion>
              <IsCustomizable>1</IsCustomizable>
              <IsRenameable>1</IsRenameable>
              <CanModifySearchSettings>0</CanModifySearchSettings>
              <CanModifyRequirementLevelSettings>0</CanModifyRequirementLevelSettings>
              <CanModifyAdditionalSettings>0</CanModifyAdditionalSettings>
              <SourceType>0</SourceType>
              <IsGlobalFilterEnabled>0</IsGlobalFilterEnabled>
              <IsSortableEnabled>0</IsSortableEnabled>
              <CanModifyGlobalFilterSettings>1</CanModifyGlobalFilterSettings>
              <CanModifyIsSortableSettings>1</CanModifyIsSortableSettings>
              <IsDataSourceSecret>0</IsDataSourceSecret>
              <AutoNumberFormat></AutoNumberFormat>
              <IsSearchable>0</IsSearchable>
              <IsFilterable>0</IsFilterable>
              <IsRetrievable>0</IsRetrievable>
              <IsLocalizable>0</IsLocalizable>
              <Format>jpeg</Format>
              <MaxLength>9437328</MaxLength>
              <displaynames>
                <displayname description="Entity Image" languagecode="1033" />
              </displaynames>
              <Descriptions>
                <Description description="The default image for the entity." languagecode="1033" />
              </Descriptions>
            </attribute>
            <attribute PhysicalName="ExchangeRate">
              <Type>decimal</Type>
              <Name>exchangerate</Name>
              <LogicalName>exchangerate</LogicalName>
              <RequiredLevel>none</RequiredLevel>
              <DisplayMask>ValidForAdvancedFind|ValidForForm|ValidForGrid</DisplayMask>
              <ImeMode>disabled</ImeMode>
              <ValidForUpdateApi>0</ValidForUpdateApi>
              <ValidForReadApi>1</ValidForReadApi>
              <ValidForCreateApi>0</ValidForCreateApi>
              <IsCustomField>0</IsCustomField>
              <IsAuditEnabled>1</IsAuditEnabled>
              <IsSecured>0</IsSecured>
              <IntroducedVersion>5.0.0.0</IntroducedVersion>
              <SourceType>0</SourceType>
              <IsGlobalFilterEnabled>0</IsGlobalFilterEnabled>
              <IsSortableEnabled>0</IsSortableEnabled>
              <IsDataSourceSecret>0</IsDataSourceSecret>
              <AutoNumberFormat></AutoNumberFormat>
              <IsSearchable>0</IsSearchable>
              <IsFilterable>0</IsFilterable>
              <IsRetrievable>0</IsRetrievable>
              <IsLocalizable>0</IsLocalizable>
              <MinValue>1E-12</MinValue>
              <MaxValue>100000000000</MaxValue>
              <Accuracy>12</Accuracy>
              <displaynames>
                <displayname description="Exchange Rate" languagecode="1033" />
              </displaynames>
              <Descriptions>
                <Description description="Shows the conversion rate of the record's currency. The exchange rate is used to convert all money fields in the record from the local currency to the system's default currency." languagecode="1033" />
              </Descriptions>
            </attribute>
            <attribute PhysicalName="Name">
              <Type>nvarchar</Type>
              <Name>name</Name>
              <LogicalName>name</LogicalName>
              <RequiredLevel>required</RequiredLevel>
              <DisplayMask>ActivityRegardingName|ActivityPointerRegardingName|PrimaryName|ValidForAdvancedFind|ValidForForm|ValidForGrid|RequiredForForm|RequiredForGrid</DisplayMask>
              <ImeMode>auto</ImeMode>
              <ValidForUpdateApi>1</ValidForUpdateApi>
              <ValidForReadApi>1</ValidForReadApi>
              <ValidForCreateApi>1</ValidForCreateApi>
              <IsCustomField>0</IsCustomField>
              <IsAuditEnabled>1</IsAuditEnabled>
              <IsSecured>0</IsSecured>
              <IntroducedVersion>5.0.0.0</IntroducedVersion>
              <SourceType>0</SourceType>
              <IsGlobalFilterEnabled>0</IsGlobalFilterEnabled>
              <IsSortableEnabled>0</IsSortableEnabled>
              <IsDataSourceSecret>0</IsDataSourceSecret>
              <AutoNumberFormat>{SEQNUM:4}</AutoNumberFormat>
              <IsSearchable>1</IsSearchable>
              <IsFilterable>0</IsFilterable>
              <IsRetrievable>1</IsRetrievable>
              <IsLocalizable>0</IsLocalizable>
              <Format>text</Format>
              <MaxLength>300</MaxLength>
              <Length>600</Length>
              <displaynames>
                <displayname description="Order ID" languagecode="1033" />
              </displaynames>
              <Descriptions>
                <Description description="Type a descriptive name for the order." languagecode="1033" />
              </Descriptions>
            </attribute>
          </attributes>
          <EntitySetName>salesorders</EntitySetName>
          <IsDuplicateCheckSupported>0</IsDuplicateCheckSupported>
          <IsBusinessProcessEnabled>1</IsBusinessProcessEnabled>
          <IsRequiredOffline>0</IsRequiredOffline>
          <IsInteractionCentricEnabled>0</IsInteractionCentricEnabled>
          <IsCollaboration>0</IsCollaboration>
          <AutoRouteToOwnerQueue>0</AutoRouteToOwnerQueue>
          <IsConnectionsEnabled>1</IsConnectionsEnabled>
          <IsDocumentManagementEnabled>0</IsDocumentManagementEnabled>
          <AutoCreateAccessTeams>0</AutoCreateAccessTeams>
          <IsOneNoteIntegrationEnabled>0</IsOneNoteIntegrationEnabled>
          <IsKnowledgeManagementEnabled>0</IsKnowledgeManagementEnabled>
          <IsSLAEnabled>0</IsSLAEnabled>
          <IsDocumentRecommendationsEnabled>0</IsDocumentRecommendationsEnabled>
          <IsBPFEntity>0</IsBPFEntity>
          <OwnershipTypeMask>UserOwned</OwnershipTypeMask>
          <EntityMask>ActivityPointer</EntityMask>
          <IsAuditEnabled>0</IsAuditEnabled>
          <IsRetrieveAuditEnabled>0</IsRetrieveAuditEnabled>
          <IsRetrieveMultipleAuditEnabled>0</IsRetrieveMultipleAuditEnabled>
          <IsActivity>0</IsActivity>
          <ActivityTypeMask></ActivityTypeMask>
          <IsActivityParty>1</IsActivityParty>
          <IsReplicated>1</IsReplicated>
          <IsReplicationUserFiltered>1</IsReplicationUserFiltered>
          <IsMailMergeEnabled>0</IsMailMergeEnabled>
          <IsVisibleInMobile>0</IsVisibleInMobile>
          <IsVisibleInMobileClient>1</IsVisibleInMobileClient>
          <IsReadOnlyInMobileClient>0</IsReadOnlyInMobileClient>
          <IsOfflineInMobileClient>1</IsOfflineInMobileClient>
          <DaysSinceRecordLastModified>0</DaysSinceRecordLastModified>
          <MobileOfflineFilters>
        &lt;fetch version="1.0" output-format="xml-platform" mapping="logical" distinct="false"&gt;
          &lt;entity name="salesorder"&gt;
          &lt;filter type="and"&gt;
            &lt;condition attribute="modifiedon" operator="last-x-days" value="10"/&gt;
          &lt;/filter&gt;
         &lt;/entity&gt;
        &lt;/fetch&gt;
      </MobileOfflineFilters>
          <IsMapiGridEnabled>1</IsMapiGridEnabled>
          <IsReadingPaneEnabled>1</IsReadingPaneEnabled>
          <IsQuickCreateEnabled>1</IsQuickCreateEnabled>
          <SyncToExternalSearchIndex>1</SyncToExternalSearchIndex>
          <IntroducedVersion>5.0.0.0</IntroducedVersion>
          <EnforceStateTransitions>0</EnforceStateTransitions>
          <EntityHelpUrlEnabled>0</EntityHelpUrlEnabled>
          <ChangeTrackingEnabled>1</ChangeTrackingEnabled>
          <IsEnabledForExternalChannels>0</IsEnabledForExternalChannels>
          <IsMSTeamsIntegrationEnabled>0</IsMSTeamsIntegrationEnabled>
          <IsSolutionAware>0</IsSolutionAware>
          <HasRelatedNotes>True</HasRelatedNotes>
          <HasRelatedActivities>True</HasRelatedActivities>
        </entity>
      </EntityInfo>
      <FormXml>
        <forms type="main">
          <systemform>
            <formid>{d598792c-3ff0-43f3-b3e3-bbd70b99e1a5}</formid>
            <IntroducedVersion>6.0.0.0</IntroducedVersion>
            <FormPresentation>1</FormPresentation>
            <FormActivationState>1</FormActivationState>
            <form headerdensity="HighWithControls" solutionaction="Modified">
              <tabs>
                <tab name="summary_tab" verticallayout="true" id="{F6A3F83B-6766-4EC9-83E4-142A099804BA}" IsUserDefined="0" locklevel="0" expanded="true" showlabel="true" ordinalvalue="0">
                  <columns>
                    <column width="21%" id="0">
                      <sections>
                        <section name="order information" showlabel="false" showbar="false" id="{D86756AE-6866-4211-B2A8-65DE9AAE89D4}" IsUserDefined="0" columns="1" locklevel="0" labelwidth="115" celllabelalignment="Left" celllabelposition="Left" ordinalvalue="0">
                          <rows>
                            <row>
                              <cell id="{6779E580-D570-4080-ABCC-664DE4A92221}" visible="false" ordinalvalue="10001" solutionaction="Modified" />
                            </row>
                            <row>
                              <cell id="{7FA06E05-4586-47E3-A9FA-FF3F4942A849}" showlabel="true" visible="false" ordinalvalue="10005" solutionaction="Modified">
                                <control id="transactioncurrencyid" classid="{270BD3DB-D9AF-4782-9025-509E298DEC0A}" datafieldname="transactioncurrencyid">
                                  <parameters solutionaction="Added">
                                    <DisableViewPicker>false</DisableViewPicker>
                                  </parameters>
                                </control>
                              </cell>
                            </row>
                            <row>
                              <cell id="{D9FC7316-3135-4B56-AD6B-7AA50FE69C59}" visible="false" ordinalvalue="10006" solutionaction="Modified" />
                            </row>
                            <row>
                              <cell auto="false" showlabel="true" locklevel="0" rowspan="1" colspan="1" id="{2d3ad16d-d73c-437b-b1e6-e8ae0b47ba7f}" visible="false" ordinalvalue="10007" solutionaction="Modified" />
                            </row>
                            <row>
                              <cell id="{4c910ee3-aab8-426f-8e2f-b46e5687b331}" locklevel="0" colspan="1" rowspan="1" ordinalvalue="10002" solutionaction="Added">
                                <labels>
                                  <label description="" languagecode="1033" />
                                </labels>
                                <control id="cre2c_customername" classid="{4273EDBD-AC1D-40D3-9FB2-095C621B552D}" datafieldname="cre2c_customername" disabled="false" />
                              </cell>
                            </row>
                            <row>
                              <cell id="{f1408a86-ad19-46d9-9144-11280a003515}" locklevel="0" colspan="1" rowspan="1" ordinalvalue="10003" solutionaction="Added">
                                <labels>
                                  <label description="" languagecode="1033" />
                                </labels>
                                <control id="cre2c_ordertotal" classid="{C6D124CA-7EDA-4A60-AEA9-7FB8D318B68F}" datafieldname="cre2c_ordertotal" disabled="false" />
                              </cell>
                            </row>
                            <row>
                              <cell id="{5fa8cf28-9edc-49c8-94e9-752ac6cbdaad}" locklevel="0" colspan="1" rowspan="1" ordinalvalue="10004" solutionaction="Added">
                                <labels>
                                  <label description="" languagecode="1033" />
                                </labels>
                                <control id="cre2c_shippingaddress" classid="{4273EDBD-AC1D-40D3-9FB2-095C621B552D}" datafieldname="cre2c_shippingaddress" disabled="false" />
                              </cell>
                            </row>
                            <row>
                              <cell locklevel="0" id="{27a33e15-673b-4a55-ac91-ee96e98a7e06}" rowspan="4" colspan="1" auto="false" ordinalvalue="10008" solutionaction="Added">
                                <labels>
                                  <label description="Product" languagecode="1033" />
                                </labels>
                                <control indicationOfSubgrid="true" id="Subgrid_new_1" classid="{E7A81278-8635-4D9E-8D4D-59480B391C5B}">
                                  <parameters>
                                    <RecordsPerPage>4</RecordsPerPage>
                                    <AutoExpand>Fixed</AutoExpand>
                                    <EnableQuickFind>false</EnableQuickFind>
                                    <EnableViewPicker>false</EnableViewPicker>
                                    <EnableChartPicker>true</EnableChartPicker>
                                    <ChartGridMode>All</ChartGridMode>
                                    <RelationshipName>order_invoices</RelationshipName>
                                    <TargetEntityType>invoice</TargetEntityType>
                                    <ViewId>{185E29DE-5C32-42EF-A637-3605E445FAF5}</ViewId>
                                    <ViewIds>{185E29DE-5C32-42EF-A637-3605E445FAF5},{03837675-ED49-E711-80E1-00155D342D09}</ViewIds>
                                    <VisualizationId>{5D4CF791-EE49-E711-80E1-00155D342D09}</VisualizationId>
                                  </parameters>
                                </control>
                              </cell>
                            </row>
                          </rows>
                        </section>
                      </sections>
                    </column>
                    <column width="26%" id="2">
                      <sections>
                        <section name="sales information" showlabel="true" showbar="false" id="{43A0F811-181B-4039-9F1D-4FCE6E374048}" IsUserDefined="0" ordinalvalue="0">
                          <rows>
                            <row>
                              <cell id="{947472A0-515F-439A-8391-1CDA0299A35A}" visible="false" ordinalvalue="10002" solutionaction="Modified" />
                            </row>
                          </rows>
                        </section>
                      </sections>
                    </column>
                  </columns>
                </tab>
              </tabs>
              <Navigation>
                <NavBar>
                  <NavBarByRelationshipItem RelationshipName="hardcoded_{B7196B13-6B9D-42CD-BD58-B19A3953126F}navProducts" Sequence="9005" Area="Info" Id="navProducts" Show="true" solutionaction="Modified" />
                </NavBar>
              </Navigation>
              <footer id="{901ceb2b-d9ed-4d6b-98cd-03064c5785cf}" celllabelposition="Top" columns="111" labelwidth="115" celllabelalignment="Left" solutionaction="Added">
                <rows>
                  <row>
                    <cell id="{0d2e13aa-773c-4fdf-bba6-f599762b3899}" showlabel="false" ordinalvalue="10000">
                      <labels>
                        <label description="" languagecode="1033" />
                      </labels>
                    </cell>
                    <cell id="{fa25ac08-8350-4765-9063-85f75580eee4}" showlabel="false" ordinalvalue="20001">
                      <labels>
                        <label description="" languagecode="1033" />
                      </labels>
                    </cell>
                    <cell id="{c36b446b-3ec5-4b50-ac83-43d8496ca08c}" showlabel="false" ordinalvalue="30002">
                      <labels>
                        <label description="" languagecode="1033" />
                      </labels>
                    </cell>
                  </row>
                </rows>
              </footer>
            </form>
            <LocalizedNames>
              <LocalizedName description="Order" languagecode="1033" />
            </LocalizedNames>
            <Descriptions>
              <Description description="Updated default order form." languagecode="1033" />
            </Descriptions>
          </systemform>
        </forms>
      </FormXml>
      <SavedQueries>
        <savedqueries>
          <savedquery>
            <isquickfindquery>0</isquickfindquery>
            <isprivate>0</isprivate>
            <isdefault>0</isdefault>
            <savedqueryid>{e6f001df-303c-447b-b184-0f65cd00c3f9}</savedqueryid>
            <queryapi></queryapi>
            <layoutxml>
              <grid name="resultset" jump="name" select="1" icon="1" preview="1">
                <row name="result" id="salesorderid">
                  <cell name="name" width="113" />
                  <cell name="cre2c_customername" width="132" />
                  <cell name="statecode" width="100" />
                  <cell name="cre2c_ordertotal" width="105" />
                  <cell name="totalamount" width="118" />
                  <cell name="cre2c_orderdate" width="103" />
                  <cell name="salesordercustomeridcontactcontactid.emailaddress1" width="150" disableSorting="1" />
                </row>
              </grid>
            </layoutxml>
            <querytype>0</querytype>
            <fetchxml>
              <fetch version="1.0" output-format="xml-platform" mapping="logical" distinct="false">
                <entity name="salesorder">
                  <attribute name="name" />
                  <order attribute="name" descending="false" />
                  <filter type="and">
                    <condition attribute="statecode" operator="eq" value="0" />
                  </filter>
                  <link-entity name="contact" from="contactid" to="customerid" visible="false" link-type="outer" alias="salesordercustomeridcontactcontactid">
                    <attribute name="emailaddress1" />
                  </link-entity>
                  <attribute name="salesorderid" />
                  <attribute name="cre2c_orderdate" />
                  <attribute name="statecode" />
                  <attribute name="totalamount" />
                  <attribute name="cre2c_customername" />
                  <attribute name="cre2c_ordertotal" />
                </entity>
              </fetch>
            </fetchxml>
            <IntroducedVersion>5.0.0.0</IntroducedVersion>
            <LocalizedNames>
              <LocalizedName description="Active Orders" languagecode="1033" />
            </LocalizedNames>
          </savedquery>
        </savedqueries>
      </SavedQueries>
      <RibbonDiffXml>
        <CustomActions />
        <Templates>
          <RibbonTemplates Id="Mscrm.Templates"></RibbonTemplates>
        </Templates>
        <CommandDefinitions />
        <RuleDefinitions>
          <TabDisplayRules />
          <DisplayRules />
          <EnableRules />
        </RuleDefinitions>
        <LocLabels />
      </RibbonDiffXml>
    </Entity>
    <Entity>
      <Name LocalizedName="Order Product" OriginalName="Order Product">SalesOrderDetail</Name>
      <EntityInfo>
        <entity Name="SalesOrderDetail">
          <attributes>
            <attribute PhysicalName="cre2c_SalesOrder">
              <Type>lookup</Type>
              <Name>cre2c_salesorder</Name>
              <LogicalName>cre2c_salesorder</LogicalName>
              <RequiredLevel>none</RequiredLevel>
              <DisplayMask>ValidForAdvancedFind|ValidForForm|ValidForGrid</DisplayMask>
              <ValidForUpdateApi>1</ValidForUpdateApi>
              <ValidForReadApi>1</ValidForReadApi>
              <ValidForCreateApi>1</ValidForCreateApi>
              <IsCustomField>1</IsCustomField>
              <IsAuditEnabled>0</IsAuditEnabled>
              <IsSecured>0</IsSecured>
              <IntroducedVersion>1.0.0.0</IntroducedVersion>
              <IsCustomizable>1</IsCustomizable>
              <IsRenameable>1</IsRenameable>
              <CanModifySearchSettings>1</CanModifySearchSettings>
              <CanModifyRequirementLevelSettings>1</CanModifyRequirementLevelSettings>
              <CanModifyAdditionalSettings>1</CanModifyAdditionalSettings>
              <SourceType>0</SourceType>
              <IsGlobalFilterEnabled>0</IsGlobalFilterEnabled>
              <IsSortableEnabled>0</IsSortableEnabled>
              <CanModifyGlobalFilterSettings>1</CanModifyGlobalFilterSettings>
              <CanModifyIsSortableSettings>1</CanModifyIsSortableSettings>
              <IsDataSourceSecret>0</IsDataSourceSecret>
              <AutoNumberFormat></AutoNumberFormat>
              <IsSearchable>0</IsSearchable>
              <IsFilterable>0</IsFilterable>
              <IsRetrievable>0</IsRetrievable>
              <IsLocalizable>0</IsLocalizable>
              <LookupStyle>single</LookupStyle>
              <LookupTypes />
              <displaynames>
                <displayname description="Order" languagecode="1033" />
              </displaynames>
              <Descriptions>
                <Description description="" languagecode="1033" />
              </Descriptions>
            </attribute>
          </attributes>
          <EntitySetName>salesorderdetails</EntitySetName>
          <IsDuplicateCheckSupported>0</IsDuplicateCheckSupported>
          <IsBusinessProcessEnabled>0</IsBusinessProcessEnabled>
          <IsRequiredOffline>0</IsRequiredOffline>
          <IsInteractionCentricEnabled>0</IsInteractionCentricEnabled>
          <IsCollaboration>0</IsCollaboration>
          <AutoRouteToOwnerQueue>0</AutoRouteToOwnerQueue>
          <IsConnectionsEnabled>0</IsConnectionsEnabled>
          <IsDocumentManagementEnabled>0</IsDocumentManagementEnabled>
          <AutoCreateAccessTeams>0</AutoCreateAccessTeams>
          <IsOneNoteIntegrationEnabled>0</IsOneNoteIntegrationEnabled>
          <IsKnowledgeManagementEnabled>0</IsKnowledgeManagementEnabled>
          <IsSLAEnabled>0</IsSLAEnabled>
          <IsDocumentRecommendationsEnabled>0</IsDocumentRecommendationsEnabled>
          <IsBPFEntity>0</IsBPFEntity>
          <OwnershipTypeMask>UserOwned</OwnershipTypeMask>
          <IsAuditEnabled>0</IsAuditEnabled>
          <IsRetrieveAuditEnabled>0</IsRetrieveAuditEnabled>
          <IsRetrieveMultipleAuditEnabled>0</IsRetrieveMultipleAuditEnabled>
          <IsActivity>0</IsActivity>
          <ActivityTypeMask></ActivityTypeMask>
          <IsActivityParty>0</IsActivityParty>
          <IsReplicated>1</IsReplicated>
          <IsReplicationUserFiltered>0</IsReplicationUserFiltered>
          <IsMailMergeEnabled>0</IsMailMergeEnabled>
          <IsVisibleInMobile>0</IsVisibleInMobile>
          <IsVisibleInMobileClient>1</IsVisibleInMobileClient>
          <IsReadOnlyInMobileClient>0</IsReadOnlyInMobileClient>
          <IsOfflineInMobileClient>1</IsOfflineInMobileClient>
          <DaysSinceRecordLastModified>0</DaysSinceRecordLastModified>
          <MobileOfflineFilters>
        &lt;fetch version="1.0" output-format="xml-platform" mapping="logical" distinct="false"&gt;
          &lt;entity name="salesorderdetail"&gt;
          &lt;filter type="and"&gt;
            &lt;condition attribute="modifiedon" operator="last-x-days" value="10"/&gt;
          &lt;/filter&gt;
         &lt;/entity&gt;
        &lt;/fetch&gt;
      </MobileOfflineFilters>
          <IsMapiGridEnabled>1</IsMapiGridEnabled>
          <IsReadingPaneEnabled>1</IsReadingPaneEnabled>
          <IsQuickCreateEnabled>1</IsQuickCreateEnabled>
          <SyncToExternalSearchIndex>0</SyncToExternalSearchIndex>
          <IntroducedVersion>5.0.0.0</IntroducedVersion>
          <EnforceStateTransitions>0</EnforceStateTransitions>
          <EntityHelpUrlEnabled>0</EntityHelpUrlEnabled>
          <ChangeTrackingEnabled>1</ChangeTrackingEnabled>
          <IsEnabledForExternalChannels>0</IsEnabledForExternalChannels>
          <IsChildEntity>1</IsChildEntity>
          <IsMSTeamsIntegrationEnabled>0</IsMSTeamsIntegrationEnabled>
          <IsSolutionAware>0</IsSolutionAware>
        </entity>
      </EntityInfo>
      <RibbonDiffXml>
        <CustomActions />
        <Templates>
          <RibbonTemplates Id="Mscrm.Templates"></RibbonTemplates>
        </Templates>
        <CommandDefinitions />
        <RuleDefinitions>
          <TabDisplayRules />
          <DisplayRules />
          <EnableRules />
        </RuleDefinitions>
        <LocLabels />
      </RibbonDiffXml>
    </Entity>
  </Entities>
  <Roles></Roles>
  <Workflows></Workflows>
  <FieldSecurityProfiles></FieldSecurityProfiles>
  <Templates />
  <EntityMaps />
  <EntityRelationships>
    <EntityRelationship Name="cre2c_SalesOrder_SalesOrder_SalesOrderDetail">
      <EntityRelationshipType>OneToMany</EntityRelationshipType>
      <IsCustomizable>1</IsCustomizable>
      <IntroducedVersion>1.0.0.0</IntroducedVersion>
      <IsHierarchical>0</IsHierarchical>
      <ReferencingEntityName>SalesOrderDetail</ReferencingEntityName>
      <ReferencedEntityName>SalesOrder</ReferencedEntityName>
      <CascadeAssign>NoCascade</CascadeAssign>
      <CascadeDelete>RemoveLink</CascadeDelete>
      <CascadeArchive>RemoveLink</CascadeArchive>
      <CascadeReparent>NoCascade</CascadeReparent>
      <CascadeShare>NoCascade</CascadeShare>
      <CascadeUnshare>NoCascade</CascadeUnshare>
      <CascadeRollupView>NoCascade</CascadeRollupView>
      <IsValidForAdvancedFind>1</IsValidForAdvancedFind>
      <ReferencingAttributeName>cre2c_SalesOrder</ReferencingAttributeName>
      <RelationshipDescription>
        <Descriptions>
          <Description description="" languagecode="1033" />
        </Descriptions>
      </RelationshipDescription>
      <EntityRelationshipRoles>
        <EntityRelationshipRole>
          <NavPaneDisplayOption>UseCollectionName</NavPaneDisplayOption>
          <NavPaneArea>Details</NavPaneArea>
          <NavPaneOrder>10000</NavPaneOrder>
          <NavigationPropertyName>cre2c_SalesOrder</NavigationPropertyName>
          <RelationshipRoleType>1</RelationshipRoleType>
        </EntityRelationshipRole>
        <EntityRelationshipRole>
          <NavigationPropertyName>cre2c_SalesOrder_SalesOrder_SalesOrderDetail</NavigationPropertyName>
          <RelationshipRoleType>0</RelationshipRoleType>
        </EntityRelationshipRole>
      </EntityRelationshipRoles>
    </EntityRelationship>
  </EntityRelationships>
  <OrganizationSettings />
  <optionsets />
  <InteractionCentricDashboards>
    <InteractionCentricDashboard>
      <LocalizedNames>
        <LocalizedName description="Orders Dashboard" languagecode="1033" />
      </LocalizedNames>
      <Descriptions>
        <Description description="Shows an overview of data related to orders." languagecode="1033" />
      </Descriptions>
      <FormId>{d4f40772-073e-e711-80e1-00155d871bb4}</FormId>
      <IsDefault>0</IsDefault>
      <FormXml>
        <forms type="interactioncentricdashboard">
          <form>
            <tabs filterby="createdon" timeframe="7" primaryentitylogicalname="salesorder" entityview="{E6F001DF-303C-447B-B184-0F65CD00C3F9}" dashboardCategory="1_1" tilespresent="false">
              <tab showlabel="true" verticallayout="true" collapsible="true" id="{5aa3e73c-c85b-4428-add4-3f1c679e18d2}">
                <labels>
                  <label description="Visual Filters" languagecode="1033" />
                </labels>
                <columns>
                  <column width="100%">
                    <sections>
                      <section name="VisualFilters" showlabel="false" showbar="false" columns="1111" id="{bf7e4dc6-6953-4b5f-baf3-2df84ab95377}">
                        <labels>
                          <label description="Section" languagecode="1033" />
                        </labels>
                        <rows>
                          <row>
                            <cell colspan="1" rowspan="12" showlabel="false" ischartcell="true" id="{9a81acbd-4e9f-46a9-88d0-c2e5a6b9a483}" auto="false">
                              <labels>
                                <label description="Order" languagecode="1033" />
                              </labels>
                              <control id="Component76dd24a" uniqueid="{7179351d-6a45-596a-ba49-3b7a64240378}" classid="{E7A81278-8635-4d9e-8D4D-59480B391C5B}" indicationOfSubgrid="true">
                                <parameters>
                                  <TargetEntityType>salesorder</TargetEntityType>
                                  <ChartGridMode>Chart</ChartGridMode>
                                  <EnableQuickFind>false</EnableQuickFind>
                                  <EnableViewPicker>false</EnableViewPicker>
                                  <EnableJumpBar>false</EnableJumpBar>
                                  <RecordsPerPage>10</RecordsPerPage>
                                  <HeaderColorCode />
                                  <ViewId>{E6F001DF-303C-447B-B184-0F65CD00C3F9}</ViewId>
                                  <IsUserView>false</IsUserView>
                                  <ViewIds />
                                  <AutoExpand>Fixed</AutoExpand>
                                  <VisualizationId>{26842A29-063E-E711-80E1-00155D871BB4}</VisualizationId>
                                  <IsUserChart>false</IsUserChart>
                                  <EnableChartPicker>false</EnableChartPicker>
                                  <RelationshipName />
                                </parameters>
                              </control>
                            </cell>
                            <cell colspan="1" rowspan="12" showlabel="false" ischartcell="true" id="{3099d6bb-e0a2-4e91-be37-31c4fa3502a9}" auto="false">
                              <labels>
                                <label description="Order" languagecode="1033" />
                              </labels>
                              <control id="Component3b2e417" uniqueid="{17ceac89-48d3-8eb1-c9b2-36689eb8bb83}" classid="{E7A81278-8635-4d9e-8D4D-59480B391C5B}" indicationOfSubgrid="true">
                                <parameters>
                                  <TargetEntityType>salesorder</TargetEntityType>
                                  <ChartGridMode>Chart</ChartGridMode>
                                  <EnableQuickFind>false</EnableQuickFind>
                                  <EnableViewPicker>false</EnableViewPicker>
                                  <EnableJumpBar>false</EnableJumpBar>
                                  <RecordsPerPage>10</RecordsPerPage>
                                  <HeaderColorCode />
                                  <ViewId>{E6F001DF-303C-447B-B184-0F65CD00C3F9}</ViewId>
                                  <IsUserView>false</IsUserView>
                                  <ViewIds />
                                  <AutoExpand>Fixed</AutoExpand>
                                  <VisualizationId>{4821C95E-063E-E711-80E1-00155D871BB4}</VisualizationId>
                                  <IsUserChart>false</IsUserChart>
                                  <EnableChartPicker>false</EnableChartPicker>
                                  <RelationshipName />
                                </parameters>
                              </control>
                            </cell>
                            <cell colspan="1" rowspan="12" showlabel="false" ischartcell="true" id="{5662b12b-bd4e-4448-9907-e5dfeeee343f}" auto="false">
                              <labels>
                                <label description="Order" languagecode="1033" />
                              </labels>
                              <control id="Componenta78a0f7" uniqueid="{2e8c3e61-8e23-6e5d-5305-86880ed415a8}" classid="{E7A81278-8635-4d9e-8D4D-59480B391C5B}" indicationOfSubgrid="true">
                                <parameters>
                                  <TargetEntityType>salesorder</TargetEntityType>
                                  <ChartGridMode>Chart</ChartGridMode>
                                  <EnableQuickFind>false</EnableQuickFind>
                                  <EnableViewPicker>false</EnableViewPicker>
                                  <EnableJumpBar>false</EnableJumpBar>
                                  <RecordsPerPage>10</RecordsPerPage>
                                  <HeaderColorCode />
                                  <ViewId>{E6F001DF-303C-447B-B184-0F65CD00C3F9}</ViewId>
                                  <IsUserView>false</IsUserView>
                                  <ViewIds />
                                  <AutoExpand>Fixed</AutoExpand>
                                  <VisualizationId>{36552794-063E-E711-80E1-00155D871BB4}</VisualizationId>
                                  <IsUserChart>false</IsUserChart>
                                  <EnableChartPicker>false</EnableChartPicker>
                                  <RelationshipName />
                                </parameters>
                              </control>
                            </cell>
                            <cell colspan="1" rowspan="12" showlabel="false" ischartcell="true" id="{4fac595d-8cad-4265-9865-315d6d582961}" auto="false">
                              <labels>
                                <label description="Order" languagecode="1033" />
                              </labels>
                              <control id="Component4f7ae84" uniqueid="{6280a63b-a832-8d41-847c-0e48de4b9171}" classid="{E7A81278-8635-4d9e-8D4D-59480B391C5B}" indicationOfSubgrid="true">
                                <parameters>
                                  <TargetEntityType>salesorder</TargetEntityType>
                                  <ChartGridMode>Chart</ChartGridMode>
                                  <EnableQuickFind>false</EnableQuickFind>
                                  <EnableViewPicker>false</EnableViewPicker>
                                  <EnableJumpBar>false</EnableJumpBar>
                                  <RecordsPerPage>10</RecordsPerPage>
                                  <HeaderColorCode />
                                  <ViewId>{E6F001DF-303C-447B-B184-0F65CD00C3F9}</ViewId>
                                  <IsUserView>false</IsUserView>
                                  <ViewIds />
                                  <AutoExpand>Fixed</AutoExpand>
                                  <VisualizationId>{1EB5C9CA-063E-E711-80E1-00155D871BB4}</VisualizationId>
                                  <IsUserChart>false</IsUserChart>
                                  <EnableChartPicker>false</EnableChartPicker>
                                  <RelationshipName />
                                </parameters>
                              </control>
                            </cell>
                          </row>
                          <row />
                          <row />
                          <row />
                          <row />
                          <row />
                          <row />
                          <row />
                          <row />
                          <row />
                          <row />
                          <row />
                        </rows>
                      </section>
                    </sections>
                  </column>
                </columns>
              </tab>
              <tab name="StreamsContainer" showlabel="true" verticallayout="true" collapsible="false" id="{cb5ab6d5-484a-492c-bc4b-3a0c4998ff07}">
                <labels>
                  <label description="Streams" languagecode="1033" />
                </labels>
                <columns>
                  <column width="100%">
                    <sections>
                      <section name="Streams" showlabel="false" showbar="false" columns="1111" id="{009bef4b-ecf8-4e7f-afff-6a39d014bfe3}">
                        <labels>
                          <label description="Section" languagecode="1033" />
                        </labels>
                        <rows>
                          <row>
                            <cell colspan="4" rowspan="12" showlabel="false" isstreamcell="true" id="{446fe98b-b9dd-42b1-a4cb-1b73b20ecf02}">
                              <labels>
                                <label description="" languagecode="1033" />
                              </labels>
                              <control id="Component{090ba867-4e83-a11b-00a0-d1226e1b88de}" classid="{EE9078C8-6946-4E2C-B8F8-35E65F4BE6A8}">
                                <parameters>
                                  <StreamObjects>
                                    <ShowAsTiles>false</ShowAsTiles>
                                    <StreamObject id="{5d783c94-83d4-0cb8-2071-ead6b2257cbc}" type="1">
                                      <LogicalEntityName>salesorder</LogicalEntityName>
                                      <EntityViewId>{BC29F750-12A0-4EB5-AC08-698EF528F921}</EntityViewId>
                                    </StreamObject>
                                    <StreamObject id="{59eece1c-8e22-8db9-0261-22b2a40e28b3}" type="1">
                                      <LogicalEntityName>salesorder</LogicalEntityName>
                                      <EntityViewId>{E6F001DF-303C-447B-B184-0F65CD00C3F9}</EntityViewId>
                                    </StreamObject>
                                    <StreamObject id="{1d065c11-b3ae-9ed0-5bc8-449b18827b09}" type="1">
                                      <LogicalEntityName>salesorder</LogicalEntityName>
                                      <EntityViewId>{6428E515-565F-DF11-AE90-00155D2E3002}</EntityViewId>
                                    </StreamObject>
                                    <StreamObject id="{007712ee-398b-ccb0-babb-4904c0c7dbbe}" type="1">
                                      <LogicalEntityName>salesorder</LogicalEntityName>
                                      <EntityViewId>{4B2438F6-4949-484B-A272-6F694A2B2FAE}</EntityViewId>
                                    </StreamObject>
                                  </StreamObjects>
                                </parameters>
                              </control>
                            </cell>
                          </row>
                          <row />
                          <row />
                          <row />
                          <row />
                          <row />
                          <row />
                          <row />
                          <row />
                          <row />
                          <row />
                          <row />
                        </rows>
                      </section>
                    </sections>
                  </column>
                </columns>
              </tab>
            </tabs>
          </form>
        </forms>
      </FormXml>
      <IntroducedVersion>1.0</IntroducedVersion>
      <IsTabletEnabled>0</IsTabletEnabled>
    </InteractionCentricDashboard>
  </InteractionCentricDashboards>
  <CustomControls />
  <AppModuleSiteMaps>
    <AppModuleSiteMap>
      <SiteMapUniqueName>cre2c_OrderApp</SiteMapUniqueName>
      <EnableCollapsibleGroups>False</EnableCollapsibleGroups>
      <ShowHome>True</ShowHome>
      <ShowPinned>True</ShowPinned>
      <ShowRecents>True</ShowRecents>
      <SiteMap IntroducedVersion="7.0.0.0">
        <Area Id="area_12117c8e" ResourceId="SitemapDesigner.NewTitle" DescriptionResourceId="SitemapDesigner.NewTitle" ShowGroups="true" IntroducedVersion="7.0.0.0">
          <Titles>
            <Title LCID="1033" Title="Area1" />
          </Titles>
          <Group Id="group_504034a4" ResourceId="SitemapDesigner.NewGroup" DescriptionResourceId="SitemapDesigner.NewGroup" IntroducedVersion="7.0.0.0" IsProfile="false" ToolTipResourseId="SitemapDesigner.Unknown">
            <SubArea Id="subarea_65a6d572" Icon="/_imgs/imagestrips/transparent_spacer.gif" Entity="salesorder" Client="All,Outlook,OutlookLaptopClient,OutlookWorkstationClient,Web" AvailableOffline="true" PassParams="false" Sku="All,OnPremise,Live,SPLA" />
          </Group>
        </Area>
      </SiteMap>
      <LocalizedNames>
        <LocalizedName description="Order App" languagecode="1033" />
      </LocalizedNames>
    </AppModuleSiteMap>
  </AppModuleSiteMaps>
  <AppModules>
    <AppModule>
      <UniqueName>cre2c_OrderApp</UniqueName>
      <IntroducedVersion>1.0.0.0</IntroducedVersion>
      <WebResourceId>953b9fac-1e5e-e611-80d6-00155ded156f</WebResourceId>
      <OptimizedFor></OptimizedFor>
      <statecode>0</statecode>
      <statuscode>1</statuscode>
      <FormFactor>1</FormFactor>
      <ClientType>4</ClientType>
      <NavigationType>0</NavigationType>
      <AppModuleComponents>
        <AppModuleComponent type="1" schemaName="salesorder" />
        <AppModuleComponent type="62" schemaName="cre2c_OrderApp" />
      </AppModuleComponents>
      <AppModuleRoleMaps>
        <Role id="{627090ff-40a3-4053-8790-584edc5be201}" />
        <Role id="{119f245c-3cc8-4b62-b31c-d1a046ced15d}" />
      </AppModuleRoleMaps>
      <LocalizedNames>
        <LocalizedName description="Order App" languagecode="1033" />
      </LocalizedNames>
      <appsettings>
        <appsetting settingdefinitionid.uniquename="AppChannel">
          <iscustomizable>1</iscustomizable>
          <value>1</value>
        </appsetting>
      </appsettings>
    </AppModule>
  </AppModules>
  <EntityDataProviders />
  <Languages>
    <Language>1033</Language>
  </Languages>
</ImportExportXml>