<ImportExportXml version="9.2.24123.230" SolutionPackageVersion="9.2" languagecode="1033" generatedBy="CrmLive" xmlns:xsi="http://www.w3.org/2001/XMLSchema-instance" OrganizationVersion="9.2.24123.230" OrganizationSchemaType="Full" CRMServerServiceabilityVersion="9.2.24123.00230">
  <SolutionManifest>
    <UniqueName>OrderManagementApp</UniqueName>
    <LocalizedNames>
      <LocalizedName description="Order Management App" languagecode="1033" />
    </LocalizedNames>
    <Descriptions />
    <Version>1.0.0.1</Version>
    <Managed>1</Managed>
    <Publisher>
      <UniqueName>Cr03ecf</UniqueName>
      <LocalizedNames>
        <LocalizedName description="CDS Default Publisher" languagecode="1033" />
      </LocalizedNames>
      <Descriptions />
      <EMailAddress xsi:nil="true"></EMailAddress>
      <SupportingWebsiteUrl xsi:nil="true"></SupportingWebsiteUrl>
      <CustomizationPrefix>cre2c</CustomizationPrefix>
      <CustomizationOptionValuePrefix>74263</CustomizationOptionValuePrefix>
      <Addresses>
        <Address>
          <AddressNumber>1</AddressNumber>
          <AddressTypeCode xsi:nil="true"></AddressTypeCode>
          <City xsi:nil="true"></City>
          <County xsi:nil="true"></County>
          <Country xsi:nil="true"></Country>
          <Fax xsi:nil="true"></Fax>
          <FreightTermsCode xsi:nil="true"></FreightTermsCode>
          <ImportSequenceNumber xsi:nil="true"></ImportSequenceNumber>
          <Latitude xsi:nil="true"></Latitude>
          <Line1 xsi:nil="true"></Line1>
          <Line2 xsi:nil="true"></Line2>
          <Line3 xsi:nil="true"></Line3>
          <Longitude xsi:nil="true"></Longitude>
          <Name xsi:nil="true"></Name>
          <PostalCode xsi:nil="true"></PostalCode>
          <PostOfficeBox xsi:nil="true"></PostOfficeBox>
          <PrimaryContactName xsi:nil="true"></PrimaryContactName>
          <ShippingMethodCode xsi:nil="true"></ShippingMethodCode>
          <StateOrProvince xsi:nil="true"></StateOrProvince>
          <Telephone1 xsi:nil="true"></Telephone1>
          <Telephone2 xsi:nil="true"></Telephone2>
          <Telephone3 xsi:nil="true"></Telephone3>
          <TimeZoneRuleVersionNumber xsi:nil="true"></TimeZoneRuleVersionNumber>
          <UPSZone xsi:nil="true"></UPSZone>
          <UTCOffset xsi:nil="true"></UTCOffset>
          <UTCConversionTimeZoneCode xsi:nil="true"></UTCConversionTimeZoneCode>
        </Address>
        <Address>
          <AddressNumber>2</AddressNumber>
          <AddressTypeCode xsi:nil="true"></AddressTypeCode>
          <City xsi:nil="true"></City>
          <County xsi:nil="true"></County>
          <Country xsi:nil="true"></Country>
          <Fax xsi:nil="true"></Fax>
          <FreightTermsCode xsi:nil="true"></FreightTermsCode>
          <ImportSequenceNumber xsi:nil="true"></ImportSequenceNumber>
          <Latitude xsi:nil="true"></Latitude>
          <Line1 xsi:nil="true"></Line1>
          <Line2 xsi:nil="true"></Line2>
          <Line3 xsi:nil="true"></Line3>
          <Longitude xsi:nil="true"></Longitude>
          <Name xsi:nil="true"></Name>
          <PostalCode xsi:nil="true"></PostalCode>
          <PostOfficeBox xsi:nil="true"></PostOfficeBox>
          <PrimaryContactName xsi:nil="true"></PrimaryContactName>
          <ShippingMethodCode xsi:nil="true"></ShippingMethodCode>
          <StateOrProvince xsi:nil="true"></StateOrProvince>
          <Telephone1 xsi:nil="true"></Telephone1>
          <Telephone2 xsi:nil="true"></Telephone2>
          <Telephone3 xsi:nil="true"></Telephone3>
          <TimeZoneRuleVersionNumber xsi:nil="true"></TimeZoneRuleVersionNumber>
          <UPSZone xsi:nil="true"></UPSZone>
          <UTCOffset xsi:nil="true"></UTCOffset>
          <UTCConversionTimeZoneCode xsi:nil="true"></UTCConversionTimeZoneCode>
        </Address>
      </Addresses>
    </Publisher>
    <RootComponents>
      <RootComponent type="1" schemaName="salesorder" behavior="0" />
      <RootComponent type="1" schemaName="salesorderdetail" behavior="1" />
      <RootComponent type="60" id="{d4f40772-073e-e711-80e1-00155d871bb4}" />
      <RootComponent type="62" schemaName="cre2c_OrderApp" behavior="0" />
      <RootComponent type="80" schemaName="cre2c_OrderApp" behavior="0" />
    </RootComponents>
    <MissingDependencies>
      <MissingDependency>
        <Required type="1" schemaName="invoice" displayName="Invoice" solution="msdynce_Sales (9.0.4.0076)">
          <package appName="msdynce_Sales" version="9.0.24112.10003">msdynce_SalesAnchor (9.0.24112.10003)</package>
        </Required>
        <Dependent type="60" displayName="Order" parentDisplayName="Order" id="{d598792c-3ff0-43f3-b3e3-bbd70b99e1a5}" />
      </MissingDependency>
      <MissingDependency>
        <Required type="1" schemaName="salesorder" displayName="Order" solution="msdynce_Sales (9.0.4.0076)">
          <package appName="msdynce_Sales" version="9.0.24112.10003">msdynce_SalesAnchor (9.0.24112.10003)</package>
        </Required>
        <Dependent type="1" schemaName="salesorder" displayName="Order" />
      </MissingDependency>
      <MissingDependency>
        <Required type="1" schemaName="salesorder" displayName="Order" solution="msdynce_Sales (9.0.4.0076)">
          <package appName="msdynce_Sales" version="9.0.24112.10003">msdynce_SalesAnchor (9.0.24112.10003)</package>
        </Required>
        <Dependent type="2" schemaName="cre2c_customername" displayName="Customer Name" parentSchemaName="salesorder" parentDisplayName="Order" />
      </MissingDependency>
      <MissingDependency>
        <Required type="1" schemaName="salesorder" displayName="Order" solution="msdynce_Sales (9.0.4.0076)">
          <package appName="msdynce_Sales" version="9.0.24112.10003">msdynce_SalesAnchor (9.0.24112.10003)</package>
        </Required>
        <Dependent type="2" schemaName="cre2c_orderdate" displayName="Order Date" parentSchemaName="salesorder" parentDisplayName="Order" />
      </MissingDependency>
      <MissingDependency>
        <Required type="1" schemaName="salesorder" displayName="Order" solution="msdynce_Sales (9.0.4.0076)">
          <package appName="msdynce_Sales" version="9.0.24112.10003">msdynce_SalesAnchor (9.0.24112.10003)</package>
        </Required>
        <Dependent type="2" schemaName="cre2c_orderid" displayName="Order ID" parentSchemaName="salesorder" parentDisplayName="Order" />
      </MissingDependency>
      <MissingDependency>
        <Required type="1" schemaName="salesorder" displayName="Order" solution="msdynce_Sales (9.0.4.0076)">
          <package appName="msdynce_Sales" version="9.0.24112.10003">msdynce_SalesAnchor (9.0.24112.10003)</package>
        </Required>
        <Dependent type="2" schemaName="cre2c_ordertotal" displayName="Order Total" parentSchemaName="salesorder" parentDisplayName="Order" />
      </MissingDependency>
      <MissingDependency>
        <Required type="1" schemaName="salesorder" displayName="Order" solution="msdynce_Sales (9.0.4.0076)">
          <package appName="msdynce_Sales" version="9.0.24112.10003">msdynce_SalesAnchor (9.0.24112.10003)</package>
        </Required>
        <Dependent type="2" schemaName="cre2c_shippingaddress" displayName="Shipping Address" parentSchemaName="salesorder" parentDisplayName="Order" />
      </MissingDependency>
      <MissingDependency>
        <Required type="1" schemaName="salesorder" displayName="Order" solution="msdynce_Sales (9.0.4.0076)">
          <package appName="msdynce_Sales" version="9.0.24112.10003">msdynce_SalesAnchor (9.0.24112.10003)</package>
        </Required>
        <Dependent type="62" schemaName="cre2c_OrderApp" />
      </MissingDependency>
      <MissingDependency>
        <Required type="1" schemaName="salesorder" displayName="Order" solution="msdynce_Sales (9.0.4.0076)">
          <package appName="msdynce_Sales" version="9.0.24112.10003">msdynce_SalesAnchor (9.0.24112.10003)</package>
        </Required>
        <Dependent type="80" schemaName="cre2c_OrderApp" displayName="Order App" />
      </MissingDependency>
      <MissingDependency>
        <Required type="1" schemaName="salesorderdetail" displayName="Order Product" solution="msdynce_Sales (9.0.4.0076)">
          <package appName="msdynce_Sales" version="9.0.24112.10003">msdynce_SalesAnchor (9.0.24112.10003)</package>
        </Required>
        <Dependent type="1" schemaName="salesorderdetail" displayName="Order Product" />
      </MissingDependency>
      <MissingDependency>
        <Required type="1" schemaName="salesorderdetail" displayName="Order Product" solution="msdynce_Sales (9.0.4.0076)">
          <package appName="msdynce_Sales" version="9.0.24112.10003">msdynce_SalesAnchor (9.0.24112.10003)</package>
        </Required>
        <Dependent type="2" schemaName="cre2c_salesorder" displayName="Order" parentSchemaName="salesorderdetail" parentDisplayName="Order Product" />
      </MissingDependency>
      <MissingDependency>
        <Required type="1" schemaName="salesorderdetail" displayName="Order Product" solution="msdynce_Sales (9.0.4.0076)">
          <package appName="msdynce_Sales" version="9.0.24112.10003">msdynce_SalesAnchor (9.0.24112.10003)</package>
        </Required>
        <Dependent type="60" displayName="Order" parentDisplayName="Order" id="{d598792c-3ff0-43f3-b3e3-bbd70b99e1a5}" />
      </MissingDependency>
      <MissingDependency>
        <Required type="2" schemaName="billto_composite" displayName="Bill To Address" parentSchemaName="salesorder" parentDisplayName="Order" solution="msdynce_Sales (9.0.4.0076)">
          <package appName="msdynce_Sales" version="9.0.24112.10003">msdynce_SalesAnchor (9.0.24112.10003)</package>
        </Required>
        <Dependent type="60" displayName="Order" parentDisplayName="Order" id="{d598792c-3ff0-43f3-b3e3-bbd70b99e1a5}" />
      </MissingDependency>
      <MissingDependency>
        <Required type="2" schemaName="createdon" displayName="Created On" parentSchemaName="salesorder" parentDisplayName="Order" solution="msdynce_Sales (9.0.4.0076)">
          <package appName="msdynce_Sales" version="9.0.24112.10003">msdynce_SalesAnchor (9.0.24112.10003)</package>
        </Required>
        <Dependent type="60" displayName="Orders Dashboard" parentDisplayName="Order" id="{d4f40772-073e-e711-80e1-00155d871bb4}" />
      </MissingDependency>
      <MissingDependency>
        <Required type="2" schemaName="customerid" displayName="Customer Name" parentSchemaName="salesorder" parentDisplayName="Order" solution="msdynce_Sales (9.0.4.0076)">
          <package appName="msdynce_Sales" version="9.0.24112.10003">msdynce_SalesAnchor (9.0.24112.10003)</package>
        </Required>
        <Dependent type="2" schemaName="customerid" displayName="Customer Name" parentSchemaName="salesorder" parentDisplayName="Order" />
      </MissingDependency>
      <MissingDependency>
        <Required type="2" schemaName="datefulfilled" displayName="Date Fulfilled" parentSchemaName="salesorder" parentDisplayName="Order" solution="msdynce_Sales (9.0.4.0076)">
          <package appName="msdynce_Sales" version="9.0.24112.10003">msdynce_SalesAnchor (9.0.24112.10003)</package>
        </Required>
        <Dependent type="60" displayName="Order" parentDisplayName="Order" id="{d598792c-3ff0-43f3-b3e3-bbd70b99e1a5}" />
      </MissingDependency>
      <MissingDependency>
        <Required type="2" schemaName="description" displayName="Description" parentSchemaName="salesorder" parentDisplayName="Order" solution="msdynce_Sales (9.0.4.0076)">
          <package appName="msdynce_Sales" version="9.0.24112.10003">msdynce_SalesAnchor (9.0.24112.10003)</package>
        </Required>
        <Dependent type="60" displayName="Order" parentDisplayName="Order" id="{d598792c-3ff0-43f3-b3e3-bbd70b99e1a5}" />
      </MissingDependency>
      <MissingDependency>
        <Required type="2" schemaName="discountamount" displayName="Order Discount Amount" parentSchemaName="salesorder" parentDisplayName="Order" solution="msdynce_Sales (9.0.4.0076)">
          <package appName="msdynce_Sales" version="9.0.24112.10003">msdynce_SalesAnchor (9.0.24112.10003)</package>
        </Required>
        <Dependent type="60" displayName="Order" parentDisplayName="Order" id="{d598792c-3ff0-43f3-b3e3-bbd70b99e1a5}" />
      </MissingDependency>
      <MissingDependency>
        <Required type="2" schemaName="discountpercentage" displayName="Order Discount (%)" parentSchemaName="salesorder" parentDisplayName="Order" solution="msdynce_Sales (9.0.4.0076)">
          <package appName="msdynce_Sales" version="9.0.24112.10003">msdynce_SalesAnchor (9.0.24112.10003)</package>
        </Required>
        <Dependent type="60" displayName="Order" parentDisplayName="Order" id="{d598792c-3ff0-43f3-b3e3-bbd70b99e1a5}" />
      </MissingDependency>
      <MissingDependency>
        <Required type="2" schemaName="freightamount" displayName="Freight Amount" parentSchemaName="salesorder" parentDisplayName="Order" solution="msdynce_Sales (9.0.4.0076)">
          <package appName="msdynce_Sales" version="9.0.24112.10003">msdynce_SalesAnchor (9.0.24112.10003)</package>
        </Required>
        <Dependent type="60" displayName="Order" parentDisplayName="Order" id="{d598792c-3ff0-43f3-b3e3-bbd70b99e1a5}" />
      </MissingDependency>
      <MissingDependency>
        <Required type="2" schemaName="freighttermscode" displayName="Freight Terms" parentSchemaName="salesorder" parentDisplayName="Order" solution="msdynce_Sales (9.0.4.0076)">
          <package appName="msdynce_Sales" version="9.0.24112.10003">msdynce_SalesAnchor (9.0.24112.10003)</package>
        </Required>
        <Dependent type="60" displayName="Order" parentDisplayName="Order" id="{d598792c-3ff0-43f3-b3e3-bbd70b99e1a5}" />
      </MissingDependency>
      <MissingDependency>
        <Required type="2" schemaName="ispricelocked" displayName="Prices Locked" parentSchemaName="salesorder" parentDisplayName="Order" solution="msdynce_Sales (9.0.4.0076)">
          <package appName="msdynce_Sales" version="9.0.24112.10003">msdynce_SalesAnchor (9.0.24112.10003)</package>
        </Required>
        <Dependent type="60" displayName="Order" parentDisplayName="Order" id="{d598792c-3ff0-43f3-b3e3-bbd70b99e1a5}" />
      </MissingDependency>
      <MissingDependency>
        <Required type="2" schemaName="name" displayName="Order ID" parentSchemaName="salesorder" parentDisplayName="Order" solution="msdynce_Sales (9.0.4.0076)">
          <package appName="msdynce_Sales" version="9.0.24112.10003">msdynce_SalesAnchor (9.0.24112.10003)</package>
        </Required>
        <Dependent type="2" schemaName="name" displayName="Order ID" parentSchemaName="salesorder" parentDisplayName="Order" />
      </MissingDependency>
      <MissingDependency>
        <Required type="2" schemaName="opportunityid" displayName="Opportunity" parentSchemaName="salesorder" parentDisplayName="Order" solution="msdynce_Sales (9.0.4.0076)">
          <package appName="msdynce_Sales" version="9.0.24112.10003">msdynce_SalesAnchor (9.0.24112.10003)</package>
        </Required>
        <Dependent type="60" displayName="Order" parentDisplayName="Order" id="{d598792c-3ff0-43f3-b3e3-bbd70b99e1a5}" />
      </MissingDependency>
      <MissingDependency>
        <Required type="2" schemaName="ordernumber" displayName="Order ID" parentSchemaName="salesorder" parentDisplayName="Order" solution="msdynce_Sales (9.0.4.0076)">
          <package appName="msdynce_Sales" version="9.0.24112.10003">msdynce_SalesAnchor (9.0.24112.10003)</package>
        </Required>
        <Dependent type="60" displayName="Order" parentDisplayName="Order" id="{d598792c-3ff0-43f3-b3e3-bbd70b99e1a5}" />
      </MissingDependency>
      <MissingDependency>
        <Required type="2" schemaName="ownerid" displayName="Owner" parentSchemaName="salesorder" parentDisplayName="Order" solution="msdynce_Sales (9.0.4.0076)">
          <package appName="msdynce_Sales" version="9.0.24112.10003">msdynce_SalesAnchor (9.0.24112.10003)</package>
        </Required>
        <Dependent type="60" displayName="Order" parentDisplayName="Order" id="{d598792c-3ff0-43f3-b3e3-bbd70b99e1a5}" />
      </MissingDependency>
      <MissingDependency>
        <Required type="2" schemaName="paymenttermscode" displayName="Payment Terms" parentSchemaName="salesorder" parentDisplayName="Order" solution="msdynce_Sales (9.0.4.0076)">
          <package appName="msdynce_Sales" version="9.0.24112.10003">msdynce_SalesAnchor (9.0.24112.10003)</package>
        </Required>
        <Dependent type="60" displayName="Order" parentDisplayName="Order" id="{d598792c-3ff0-43f3-b3e3-bbd70b99e1a5}" />
      </MissingDependency>
      <MissingDependency>
        <Required type="2" schemaName="pricelevelid" displayName="Price List" parentSchemaName="salesorder" parentDisplayName="Order" solution="msdynce_Sales (9.0.4.0076)">
          <package appName="msdynce_Sales" version="9.0.24112.10003">msdynce_SalesAnchor (9.0.24112.10003)</package>
        </Required>
        <Dependent type="60" displayName="Order" parentDisplayName="Order" id="{d598792c-3ff0-43f3-b3e3-bbd70b99e1a5}" />
      </MissingDependency>
      <MissingDependency>
        <Required type="2" schemaName="quoteid" displayName="Quote" parentSchemaName="salesorder" parentDisplayName="Order" solution="msdynce_Sales (9.0.4.0076)">
          <package appName="msdynce_Sales" version="9.0.24112.10003">msdynce_SalesAnchor (9.0.24112.10003)</package>
        </Required>
        <Dependent type="60" displayName="Order" parentDisplayName="Order" id="{d598792c-3ff0-43f3-b3e3-bbd70b99e1a5}" />
      </MissingDependency>
      <MissingDependency>
        <Required type="2" schemaName="requestdeliveryby" displayName="Requested Delivery Date" parentSchemaName="salesorder" parentDisplayName="Order" solution="msdynce_Sales (9.0.4.0076)">
          <package appName="msdynce_Sales" version="9.0.24112.10003">msdynce_SalesAnchor (9.0.24112.10003)</package>
        </Required>
        <Dependent type="60" displayName="Order" parentDisplayName="Order" id="{d598792c-3ff0-43f3-b3e3-bbd70b99e1a5}" />
      </MissingDependency>
      <MissingDependency>
        <Required type="2" schemaName="salesorderid" displayName="Order" parentSchemaName="salesorder" parentDisplayName="Order" solution="msdynce_Sales (9.0.4.0076)">
          <package appName="msdynce_Sales" version="9.0.24112.10003">msdynce_SalesAnchor (9.0.24112.10003)</package>
        </Required>
        <Dependent type="26" schemaName="Active Orders" displayName="Active Orders" parentSchemaName="salesorder" parentDisplayName="Order" id="{e6f001df-303c-447b-b184-0f65cd00c3f9}" />
      </MissingDependency>
      <MissingDependency>
        <Required type="2" schemaName="shippingmethodcode" displayName="Shipping Method" parentSchemaName="salesorder" parentDisplayName="Order" solution="msdynce_Sales (9.0.4.0076)">
          <package appName="msdynce_Sales" version="9.0.24112.10003">msdynce_SalesAnchor (9.0.24112.10003)</package>
        </Required>
        <Dependent type="60" displayName="Order" parentDisplayName="Order" id="{d598792c-3ff0-43f3-b3e3-bbd70b99e1a5}" />
      </MissingDependency>
      <MissingDependency>
        <Required type="2" schemaName="shipto_composite" displayName="Ship To Address" parentSchemaName="salesorder" parentDisplayName="Order" solution="msdynce_Sales (9.0.4.0076)">
          <package appName="msdynce_Sales" version="9.0.24112.10003">msdynce_SalesAnchor (9.0.24112.10003)</package>
        </Required>
        <Dependent type="60" displayName="Order" parentDisplayName="Order" id="{d598792c-3ff0-43f3-b3e3-bbd70b99e1a5}" />
      </MissingDependency>
      <MissingDependency>
        <Required type="2" schemaName="statecode" displayName="Status" parentSchemaName="salesorder" parentDisplayName="Order" solution="msdynce_Sales (9.0.4.0076)">
          <package appName="msdynce_Sales" version="9.0.24112.10003">msdynce_SalesAnchor (9.0.24112.10003)</package>
        </Required>
        <Dependent type="26" schemaName="Active Orders" displayName="Active Orders" parentSchemaName="salesorder" parentDisplayName="Order" id="{e6f001df-303c-447b-b184-0f65cd00c3f9}" />
      </MissingDependency>
      <MissingDependency>
        <Required type="2" schemaName="statecode" displayName="Status" parentSchemaName="salesorder" parentDisplayName="Order" solution="msdynce_Sales (9.0.4.0076)">
          <package appName="msdynce_Sales" version="9.0.24112.10003">msdynce_SalesAnchor (9.0.24112.10003)</package>
        </Required>
        <Dependent type="60" displayName="Order" parentDisplayName="Order" id="{d598792c-3ff0-43f3-b3e3-bbd70b99e1a5}" />
      </MissingDependency>
      <MissingDependency>
        <Required type="2" schemaName="statuscode" displayName="Status Reason" parentSchemaName="salesorder" parentDisplayName="Order" solution="msdynce_Sales (9.0.4.0076)">
          <package appName="msdynce_Sales" version="9.0.24112.10003">msdynce_SalesAnchor (9.0.24112.10003)</package>
        </Required>
        <Dependent type="60" displayName="Order" parentDisplayName="Order" id="{d598792c-3ff0-43f3-b3e3-bbd70b99e1a5}" />
      </MissingDependency>
      <MissingDependency>
        <Required type="2" schemaName="totalamount" displayName="Total Amount" parentSchemaName="salesorder" parentDisplayName="Order" solution="msdynce_Sales (9.0.4.0076)">
          <package appName="msdynce_Sales" version="9.0.24112.10003">msdynce_SalesAnchor (9.0.24112.10003)</package>
        </Required>
        <Dependent type="26" schemaName="Active Orders" displayName="Active Orders" parentSchemaName="salesorder" parentDisplayName="Order" id="{e6f001df-303c-447b-b184-0f65cd00c3f9}" />
      </MissingDependency>
      <MissingDependency>
        <Required type="2" schemaName="totalamount" displayName="Total Amount" parentSchemaName="salesorder" parentDisplayName="Order" solution="msdynce_Sales (9.0.4.0076)">
          <package appName="msdynce_Sales" version="9.0.24112.10003">msdynce_SalesAnchor (9.0.24112.10003)</package>
        </Required>
        <Dependent type="60" displayName="Order" parentDisplayName="Order" id="{d598792c-3ff0-43f3-b3e3-bbd70b99e1a5}" />
      </MissingDependency>
      <MissingDependency>
        <Required type="2" schemaName="totalamountlessfreight" displayName="Total Pre-Freight Amount" parentSchemaName="salesorder" parentDisplayName="Order" solution="msdynce_Sales (9.0.4.0076)">
          <package appName="msdynce_Sales" version="9.0.24112.10003">msdynce_SalesAnchor (9.0.24112.10003)</package>
        </Required>
        <Dependent type="60" displayName="Order" parentDisplayName="Order" id="{d598792c-3ff0-43f3-b3e3-bbd70b99e1a5}" />
      </MissingDependency>
      <MissingDependency>
        <Required type="2" schemaName="totallineitemamount" displayName="Total Detail Amount" parentSchemaName="salesorder" parentDisplayName="Order" solution="msdynce_Sales (9.0.4.0076)">
          <package appName="msdynce_Sales" version="9.0.24112.10003">msdynce_SalesAnchor (9.0.24112.10003)</package>
        </Required>
        <Dependent type="60" displayName="Order" parentDisplayName="Order" id="{d598792c-3ff0-43f3-b3e3-bbd70b99e1a5}" />
      </MissingDependency>
      <MissingDependency>
        <Required type="2" schemaName="totaltax" displayName="Total Tax" parentSchemaName="salesorder" parentDisplayName="Order" solution="msdynce_Sales (9.0.4.0076)">
          <package appName="msdynce_Sales" version="9.0.24112.10003">msdynce_SalesAnchor (9.0.24112.10003)</package>
        </Required>
        <Dependent type="60" displayName="Order" parentDisplayName="Order" id="{d598792c-3ff0-43f3-b3e3-bbd70b99e1a5}" />
      </MissingDependency>
      <MissingDependency>
        <Required type="2" schemaName="transactioncurrencyid" displayName="Currency" parentSchemaName="salesorder" parentDisplayName="Order" solution="msdynce_Sales (9.0.4.0076)">
          <package appName="msdynce_Sales" version="9.0.24112.10003">msdynce_SalesAnchor (9.0.24112.10003)</package>
        </Required>
        <Dependent type="60" displayName="Order" parentDisplayName="Order" id="{d598792c-3ff0-43f3-b3e3-bbd70b99e1a5}" />
      </MissingDependency>
      <MissingDependency>
        <Required type="2" schemaName="willcall" displayName="Ship To" parentSchemaName="salesorder" parentDisplayName="Order" solution="msdynce_Sales (9.0.4.0076)">
          <package appName="msdynce_Sales" version="9.0.24112.10003">msdynce_SalesAnchor (9.0.24112.10003)</package>
        </Required>
        <Dependent type="60" displayName="Order" parentDisplayName="Order" id="{d598792c-3ff0-43f3-b3e3-bbd70b99e1a5}" />
      </MissingDependency>
      <MissingDependency>
        <Required type="2" schemaName="parentbundleidref" displayName="Parent bundle product" parentSchemaName="salesorderdetail" parentDisplayName="Order Product" solution="msdynce_SalesPatch (9.0.1904.3002)">
          <package appName="msdynce_Sales" version="9.0.24112.10003">msdynce_SalesAnchor (9.0.24112.10003)</package>
        </Required>
        <Dependent type="60" displayName="Order" parentDisplayName="Order" id="{d598792c-3ff0-43f3-b3e3-bbd70b99e1a5}" />
      </MissingDependency>
      <MissingDependency>
        <Required type="26" schemaName="Active Invoices" displayName="Active Invoices" parentSchemaName="invoice" parentDisplayName="Invoice" solution="msdynce_Sales (9.0.4.0076)" id="{03837675-ed49-e711-80e1-00155d342d09}">
          <package appName="msdynce_Sales" version="9.0.24112.10003">msdynce_SalesAnchor (9.0.24112.10003)</package>
        </Required>
        <Dependent type="60" displayName="Order" parentDisplayName="Order" id="{d598792c-3ff0-43f3-b3e3-bbd70b99e1a5}" />
      </MissingDependency>
      <MissingDependency>
        <Required type="26" schemaName="My Invoices" displayName="My Invoices" parentSchemaName="invoice" parentDisplayName="Invoice" solution="msdynce_Sales (9.0.4.0076)" id="{185e29de-5c32-42ef-a637-3605e445faf5}">
          <package appName="msdynce_Sales" version="9.0.24112.10003">msdynce_SalesAnchor (9.0.24112.10003)</package>
        </Required>
        <Dependent type="60" displayName="Order" parentDisplayName="Order" id="{d598792c-3ff0-43f3-b3e3-bbd70b99e1a5}" />
      </MissingDependency>
      <MissingDependency>
        <Required type="26" schemaName="All Orders" displayName="All Orders" parentSchemaName="salesorder" parentDisplayName="Order" solution="msdynce_Sales (9.0.4.0076)" id="{4b2438f6-4949-484b-a272-6f694a2b2fae}">
          <package appName="msdynce_Sales" version="9.0.24112.10003">msdynce_SalesAnchor (9.0.24112.10003)</package>
        </Required>
        <Dependent type="60" displayName="Orders Dashboard" parentDisplayName="Order" id="{d4f40772-073e-e711-80e1-00155d871bb4}" />
      </MissingDependency>
      <MissingDependency>
        <Required type="26" schemaName="Non Cancelled Orders" displayName="Non Cancelled Orders" parentSchemaName="salesorder" parentDisplayName="Order" solution="msdynce_Sales (9.0.4.0076)" id="{6428e515-565f-df11-ae90-00155d2e3002}">
          <package appName="msdynce_Sales" version="9.0.24112.10003">msdynce_SalesAnchor (9.0.24112.10003)</package>
        </Required>
        <Dependent type="60" displayName="Orders Dashboard" parentDisplayName="Order" id="{d4f40772-073e-e711-80e1-00155d871bb4}" />
      </MissingDependency>
      <MissingDependency>
        <Required type="26" schemaName="Order Product Inline Edit View: Bundle Products" displayName="Order Product Inline Edit View: Bundle Products" parentSchemaName="salesorderdetail" parentDisplayName="Order Product" solution="msdynce_SalesPatch (9.0.1904.3002)" id="{96a1c3d3-24a3-4541-a2b1-6bc37fe6631e}">
          <package appName="msdynce_Sales" version="9.0.24112.10003">msdynce_SalesAnchor (9.0.24112.10003)</package>
        </Required>
        <Dependent type="60" displayName="Order" parentDisplayName="Order" id="{d598792c-3ff0-43f3-b3e3-bbd70b99e1a5}" />
      </MissingDependency>
      <MissingDependency>
        <Required type="26" schemaName="Order Product Inline Edit View" displayName="Order Product Inline Edit View" parentSchemaName="salesorderdetail" parentDisplayName="Order Product" solution="msdynce_Sales (9.0.4.0076)" id="{9ac6a187-5fb8-445c-914a-3b4a33c0017e}">
          <package appName="msdynce_Sales" version="9.0.24112.10003">msdynce_SalesAnchor (9.0.24112.10003)</package>
        </Required>
        <Dependent type="60" displayName="Order" parentDisplayName="Order" id="{d598792c-3ff0-43f3-b3e3-bbd70b99e1a5}" />
      </MissingDependency>
      <MissingDependency>
        <Required type="26" schemaName="My Orders" displayName="My Orders" parentSchemaName="salesorder" parentDisplayName="Order" solution="msdynce_Sales (9.0.4.0076)" id="{bc29f750-12a0-4eb5-ac08-698ef528f921}">
          <package appName="msdynce_Sales" version="9.0.24112.10003">msdynce_SalesAnchor (9.0.24112.10003)</package>
        </Required>
        <Dependent type="60" displayName="Orders Dashboard" parentDisplayName="Order" id="{d4f40772-073e-e711-80e1-00155d871bb4}" />
      </MissingDependency>
      <MissingDependency>
        <Required type="26" schemaName="Active Orders" displayName="Active Orders" parentSchemaName="salesorder" parentDisplayName="Order" solution="msdynce_Sales (9.0.4.0076)" id="{e6f001df-303c-447b-b184-0f65cd00c3f9}">
          <package appName="msdynce_Sales" version="9.0.24112.10003">msdynce_SalesAnchor (9.0.24112.10003)</package>
        </Required>
        <Dependent type="26" schemaName="Active Orders" displayName="Active Orders" parentSchemaName="salesorder" parentDisplayName="Order" id="{e6f001df-303c-447b-b184-0f65cd00c3f9}" />
      </MissingDependency>
      <MissingDependency>
        <Required type="59" schemaName="Orders by Status Reason" displayName="Orders by Status Reason" parentSchemaName="salesorder" parentDisplayName="Order" solution="msdynce_Sales (9.0.4.0076)" id="{1eb5c9ca-063e-e711-80e1-00155d871bb4}">
          <package appName="msdynce_Sales" version="9.0.24112.10003">msdynce_SalesAnchor (9.0.24112.10003)</package>
        </Required>
        <Dependent type="60" displayName="Orders Dashboard" parentDisplayName="Order" id="{d4f40772-073e-e711-80e1-00155d871bb4}" />
      </MissingDependency>
      <MissingDependency>
        <Required type="59" schemaName="Orders by Customer" displayName="Orders by Customer" parentSchemaName="salesorder" parentDisplayName="Order" solution="msdynce_Sales (9.0.4.0076)" id="{26842a29-063e-e711-80e1-00155d871bb4}">
          <package appName="msdynce_Sales" version="9.0.24112.10003">msdynce_SalesAnchor (9.0.24112.10003)</package>
        </Required>
        <Dependent type="60" displayName="Orders Dashboard" parentDisplayName="Order" id="{d4f40772-073e-e711-80e1-00155d871bb4}" />
      </MissingDependency>
      <MissingDependency>
        <Required type="59" schemaName="Orders by Pricelist" displayName="Orders by Pricelist" parentSchemaName="salesorder" parentDisplayName="Order" solution="msdynce_Sales (9.0.4.0076)" id="{36552794-063e-e711-80e1-00155d871bb4}">
          <package appName="msdynce_Sales" version="9.0.24112.10003">msdynce_SalesAnchor (9.0.24112.10003)</package>
        </Required>
        <Dependent type="60" displayName="Orders Dashboard" parentDisplayName="Order" id="{d4f40772-073e-e711-80e1-00155d871bb4}" />
      </MissingDependency>
      <MissingDependency>
        <Required type="59" schemaName="Orders by Owner" displayName="Orders by Owner" parentSchemaName="salesorder" parentDisplayName="Order" solution="msdynce_Sales (9.0.4.0076)" id="{4821c95e-063e-e711-80e1-00155d871bb4}">
          <package appName="msdynce_Sales" version="9.0.24112.10003">msdynce_SalesAnchor (9.0.24112.10003)</package>
        </Required>
        <Dependent type="60" displayName="Orders Dashboard" parentDisplayName="Order" id="{d4f40772-073e-e711-80e1-00155d871bb4}" />
      </MissingDependency>
      <MissingDependency>
        <Required type="59" schemaName="Invoices by Pricelist" displayName="Invoices by Pricelist" parentSchemaName="invoice" parentDisplayName="Invoice" solution="msdynce_Sales (9.0.4.0076)" id="{5d4cf791-ee49-e711-80e1-00155d342d09}">
          <package appName="msdynce_Sales" version="9.0.24112.10003">msdynce_SalesAnchor (9.0.24112.10003)</package>
        </Required>
        <Dependent type="60" displayName="Order" parentDisplayName="Order" id="{d598792c-3ff0-43f3-b3e3-bbd70b99e1a5}" />
      </MissingDependency>
      <MissingDependency>
        <Required type="60" displayName="Orders Dashboard" parentDisplayName="Order" solution="msdynce_Sales (9.0.4.0076)" id="{d4f40772-073e-e711-80e1-00155d871bb4}">
          <package appName="msdynce_Sales" version="9.0.24112.10003">msdynce_SalesAnchor (9.0.24112.10003)</package>
        </Required>
        <Dependent type="60" displayName="Orders Dashboard" parentDisplayName="Order" id="{d4f40772-073e-e711-80e1-00155d871bb4}" />
      </MissingDependency>
      <MissingDependency>
        <Required type="60" displayName="Order" parentDisplayName="Order" solution="msdynce_Sales (9.0.4.0076)" id="{d598792c-3ff0-43f3-b3e3-bbd70b99e1a5}">
          <package appName="msdynce_Sales" version="9.0.24112.10003">msdynce_SalesAnchor (9.0.24112.10003)</package>
        </Required>
        <Dependent type="60" displayName="Order" parentDisplayName="Order" id="{d598792c-3ff0-43f3-b3e3-bbd70b99e1a5}" />
      </MissingDependency>
      <MissingDependency>
        <Required type="61" schemaName="msdyn_/Images/AppModule_Default_Icon.png" displayName="msdyn_/Images/AppModule_Default_Icon.png" solution="AppModuleWebResources (2.5)">
          <package appName="AppModule Web Resources Package" version="2.5">AppModuleWebResources (2.5)</package>
        </Required>
        <Dependent type="80" schemaName="cre2c_OrderApp" displayName="Order App" />
      </MissingDependency>
      <MissingDependency>
        <Required type="66" schemaName="MscrmControls.Grid.GridControl" displayName="MscrmControls.Grid.GridControl" solution="BaseCustomControlsCore (9.0.2412.3009)">
          <package appName="Base Custom Controls" version="9.0.2412.3009">BaseCustomControlsCore (9.0.2412.3009)</package>
        </Required>
        <Dependent type="60" displayName="Order" parentDisplayName="Order" id="{d598792c-3ff0-43f3-b3e3-bbd70b99e1a5}" />
      </MissingDependency>
      <MissingDependency>
        <Required type="SettingDefinition" displayName="AppChannel" solution="msdyn_AppFrameworkInfraExtensions (1.0.0.12)" id.uniquename="AppChannel">
          <package appName="PowerAppsAppFramework Package" version="1.0.0.16">PowerAppsAppFramework_Anchor (1.0.0.16)</package>
        </Required>
        <Dependent type="AppSetting" displayName="parentappmoduleid.uniquename=cre2c_OrderApp,settingdefinitionid.uniquename=AppChannel" id.parentappmoduleid.uniquename="cre2c_OrderApp" id.settingdefinitionid.uniquename="AppChannel" />
      </MissingDependency>
    </MissingDependencies>
  </SolutionManifest>
</ImportExportXml>